model,n,kept,keep_rate,mean_len,mean_instab,mean_gravy,mean_lowcx,max_run
ProLLaMA,299,128,0.428,184.30100334448161,39.41459124214296,-0.18314982878482677,0.0,7
ProtGPT2,267,59,0.221,257.7378277153558,46.1859089931469,-0.19135061199330627,0.0017063953272934691,20
‚