contrast,t,p,n_pro,n_pg2
ProLLaMA vs ProtGPT2 (overall),2.4776884706886286,0.015386726346553232,40,40
ProLLaMA vs ProtGPT2 (keep=False),2.749462190119044,0.009090306234842683,20,20
ProLLaMA vs ProtGPT2 (keep=True),0.9125664362822253,0.3672333632796594,20,20
